{
  "MES_6785.0_P_20251117": {
    "position": 46.0,
    "avgCost": 29.844000000000005,
    "entryTime": "2025-11-14T11:46:35.402377",
    "is_automated": true
  }
}